denied,JavaScript
priceline.com,priceline.com
thehill.com,aeropostale.com
harborfreight.com,bloomberg.com
fox8.com,spectrum.net
sfgate.com,popeyes.com
thekitchn.com,qualcomm.com
alaskaair.com,bk.com
ktla.com,jimmyjohns.com
vividseats.com,docusign.net
goodrx.com,bbb.org
belk.com,grubhub.com
hibbett.com,crackerbarrel.com
caranddriver.com,buildertrend.net
ralphlauren.com,okcupid.com
wgntv.com,
totalwine.com,
sweetwater.com,
urbanoutfitters.com,
yeti.com,
loft.com,
fox2now.com,
zazzle.com,
weedmaps.com,
keloland.com,
apartmenttherapy.com,
therealreal.com,
dndbeyond.com,
fastpeoplesearch.com,
